{
  "6.000000e+18": {
    "compute_budget": 6e+18,
    "alpha": 0.031174729697457163,
    "beta": -1.2631400236685448,
    "gamma": 14.569249979982429,
    "n_min": 49999999,
    "n_max": 1200000000
  },
  "1.000000e+19": {
    "compute_budget": 1e+19,
    "alpha": 0.030568654033499582,
    "beta": -1.2537853541196569,
    "gamma": 14.582696572781488,
    "n_min": 83333333,
    "n_max": 2000000000
  },
  "3.000000e+19": {
    "compute_budget": 3e+19,
    "alpha": 0.028546020054808663,
    "beta": -1.2026702556689224,
    "gamma": 14.298016049960948,
    "n_min": 249999999,
    "n_max": 6000000000
  },
  "6.000000e+19": {
    "compute_budget": 6e+19,
    "alpha": 0.02695982936919136,
    "beta": -1.155143861461227,
    "gamma": 13.9485268371962,
    "n_min": 499999999,
    "n_max": 12000000000
  },
  "1.000000e+20": {
    "compute_budget": 1e+20,
    "alpha": 0.02572917665407622,
    "beta": -1.1160011140531219,
    "gamma": 13.637940648125042,
    "n_min": 833333333,
    "n_max": 20000000000
  },
  "3.000000e+20": {
    "compute_budget": 3e+20,
    "alpha": 0.02218431903068505,
    "beta": -0.9877981707351484,
    "gamma": 12.456128739096359,
    "n_min": 249999999,
    "n_max": 10000000000
  },
  "6.000000e+20": {
    "compute_budget": 6e+20,
    "alpha": 0.02087953137387087,
    "beta": -0.9441672226233621,
    "gamma": 12.090095738674492,
    "n_min": 499999999,
    "n_max": 20000000000
  },
  "1.000000e+21": {
    "compute_budget": 1e+21,
    "alpha": 0.01985111661737159,
    "beta": -0.9079673386163809,
    "gamma": 11.768463733402736,
    "n_min": 833333333,
    "n_max": 33333333333
  },
  "3.000000e+21": {
    "compute_budget": 3e+21,
    "alpha": 0.017631065293221133,
    "beta": -0.8262646753939875,
    "gamma": 11.007570954979458,
    "n_min": 2499999999,
    "n_max": 100000000000
  }
}